year,forecast,lower_95,upper_95
2025,0.6133483542864031,0.20759562801292814,1.0191010805598781
2026,0.6293394043242362,0.10825592828270825,1.1504228803657641
2027,0.6384052191347279,0.045795823763950194,1.2310146145055056
