feature,coefficient
rolling_mean_7,-4.00008270810219
has_treatment_data,-3.6279215651667513
ed_visits_per_year,2.5947181238113073
visits_per_station_lag1,-1.3213268902926765
pct_change_recent,1.307071909041067
burden_lag_2,1.1455413304744324
burden_lag_1,1.0616621048419819
rolling_std_7,-0.9984434498198551
is_post_covid,0.9633913114593479
year_index,-0.726067133127592
burden_lag_3,0.31162277210797584
treatment_stations,0.2285064504146063
rolling_mean_3,0.1395422191297622
month,0.0
